Size,Bedrooms,Location,Price
2000,3,Suburbia Hills,300000
1500,2,Downtown Central,250000
2500,4,Lakeside Retreat,400000
1800,3,Urban Loft District,350000
2200,4,Riverside Park,380000
1700,3,Mountain View Estates,320000
1900,3,Seaside Villa,370000
1600,2,Garden Grove,280000
2100,4,Hilltop Heights,390000
2300,4,Meadowbrook Meadows,410000
1400,2,Forest Glen,240000
2000,3,Lakeshore Living,350000
1800,3,Parkside Paradise,360000
2500,4,Downtown Oasis,420000
2200,4,Harbor Heights,395000
1700,3,Urban Oasis,330000
1900,3,Sunset Ridge,375000
1600,2,Riverfront Retreat,285000
2100,4,City Center Loft,400000
2300,4,Lakeside Manor,415000
1400,2,Hillside Hideaway,255000
2000,3,Coastal Cottage,360000
1800,3,Lakeside Loft,355000
2500,4,Riverfront Retreat,430000
2200,4,Downtown Delight,390000
1700,3,Parkside Place,340000
1900,3,Lakeshore Living,370000
1600,2,Mountain View Mansion,295000
2100,4,Lakeside Luxury,420000
2300,4,Downtown Dream,425000
1400,2,Riverside Retreat,260000
2000,3,Seaside Sanctuary,380000
1800,3,Lakeside Living,365000
2500,4,Parkside Paradise,440000
2200,4,Urban Utopia,405000
1700,3,Lakeshore Loft,345000
1900,3,City Center Chic,380000
1600,2,Riverside Retreat,275000
2100,4,Harbor Heights,410000
2300,4,Lakeside Luxury,430000
1400,2,Mountain View Manor,265000
2000,3,Urban Oasis,370000
1800,3,Lakeside Living,360000
2500,4,Coastal Cottage,445000
2200,4,Lakeside Luxury,425000
1700,3,Downtown Delight,335000
1900,3,Parkside Paradise,370000
1600,2,Riverside Retreat,280000
2100,4,Lakeshore Living,405000
2300,4,City Center Charm,420000
1800,3,Suburban Oasis,340000
2100,4,Lakeview Heights,410000
2400,4,Downtown Loft,430000
1700,3,Riverside Retreat,320000
2000,3,Seaside Sanctuary,380000
2300,4,Hillside Hideaway,420000
2200,4,Urban Utopia,400000
1900,3,Parkside Paradise,360000
1600,2,Coastal Cottage,310000
1800,3,Lakeside Living,350000
2100,4,City Center Chic,410000
2400,4,Mountain View Manor,450000
1700,3,Urban Retreat,330000
2000,3,Lakeside Luxury,390000
2300,4,Downtown Dream,440000
2200,4,Riverside Ranch,410000
1900,3,Parkside Place,370000
1600,2,Harbor Heights,320000
1800,3,Lakefront Living,360000
2100,4,Downtown Delight,420000
2400,4,City Center Charm,460000
1700,3,Suburban Serenity,340000
2000,3,Riverside Retreat,380000
2300,4,Hilltop Haven,430000
2200,4,Urban Oasis,410000
1900,3,Parkside Paradise,370000
1600,2,Lakeside Living,330000
1800,3,Downtown Dream,370000
2100,4,Mountain View Manor,430000
2400,4,Urban Retreat,450000
1700,3,Lakeside Luxury,350000
2000,3,Riverside Ranch,390000
2300,4,Parkside Place,440000
2200,4,Harbor Heights,410000
1900,3,Lakefront Living,370000
1600,2,Downtown Delight,320000
1800,3,City Center Charm,360000
2100,4,Suburban Serenity,410000
2400,4,Riverside Retreat,450000
1700,3,Hilltop Haven,340000
2000,3,Urban Oasis,380000
2300,4,Parkside Paradise,430000
2200,4,Lakeside Living,400000
1900,3,Downtown Dream,370000
1600,2,Mountain View Manor,330000
1800,3,Urban Retreat,370000
2100,4,Lakeside Luxury,420000
2400,4,Riverside Ranch,460000
1700,3,Parkside Place,340000
